bag,level,seed,arm,vel_err_rms_m_s,vel_err_slow_rms_m_s,vel_err_fast_rms_m_s,vel_amp_ratio,vel_err_corr_bias,bias_rms_m_s,rel_pos_err_rms_cm,accepted_frac,stale_frac
clamped_sway_sway_p8_ph4.189_20260725_064843,none,0,B,0.017951957809178708,0.013833206686844299,0.009712049316005208,1.0046186541628994,nan,0.0,2.75507514650654,0.9979633401221996,0.029083858458555503
clamped_sway_sway_p8_ph4.189_20260725_064843,none,0,C,0.023668896924935335,0.014099330088979695,0.01744671092995098,1.0562723590545864,nan,0.0,3.1980400116444088,0.9918533604887984,0.029083858458555503
clamped_sway_sway_p8_ph4.189_20260725_064843,none,1,B,0.017951957809178708,0.013833206686844299,0.009712049316005208,1.0046186541628994,nan,0.0,2.75507514650654,0.9979633401221996,0.029083858458555503
clamped_sway_sway_p8_ph4.189_20260725_064843,none,1,C,0.023668896924935335,0.014099330088979695,0.01744671092995098,1.0562723590545864,nan,0.0,3.1980400116444088,0.9918533604887984,0.029083858458555503
clamped_sway_sway_p8_ph4.189_20260725_064843,none,2,B,0.017951957809178708,0.013833206686844299,0.009712049316005208,1.0046186541628994,nan,0.0,2.75507514650654,0.9979633401221996,0.029083858458555503
clamped_sway_sway_p8_ph4.189_20260725_064843,none,2,C,0.023668896924935335,0.014099330088979695,0.01744671092995098,1.0562723590545864,nan,0.0,3.1980400116444088,0.9918533604887984,0.029083858458555503
clamped_sway_sway_p8_ph4.189_20260725_064843,low,0,B,0.04517408028778735,0.02010197512222789,0.039201073556484646,1.1709692834559686,0.23819580544363042,0.006132117299066266,3.8703443205669283,0.9775967413441955,0.029083858458555503
clamped_sway_sway_p8_ph4.189_20260725_064843,low,0,C,0.024792563567705452,0.015654846880610498,0.01746706278054184,1.0444207188158199,0.43397178723256996,0.006132117299066266,3.2040190953098016,0.9918533604887984,0.029083858458555503
clamped_sway_sway_p8_ph4.189_20260725_064843,low,1,B,0.04463097755646936,0.021181910122296508,0.03834335390117742,1.262955921834166,0.2114657287972843,0.008478129584232542,3.8036957535219837,0.9735234215885947,0.029083858458555503
clamped_sway_sway_p8_ph4.189_20260725_064843,low,1,C,0.024905994989586424,0.01635167664117296,0.017173012578548044,1.0565044150953828,0.30137450047418846,0.008478129584232542,3.1960918623044883,0.9918533604887984,0.029083858458555503
clamped_sway_sway_p8_ph4.189_20260725_064843,low,2,B,0.051156303538416305,0.02492007652897474,0.04320933503526381,1.3218252889921644,0.2496455706696418,0.009392826544465709,3.823246305839362,0.9837067209775967,0.029083858458555503
clamped_sway_sway_p8_ph4.189_20260725_064843,low,2,C,0.025446600633303017,0.016997853485522383,0.01741902627279577,1.0781863357201533,0.4565287218721931,0.009392826544465709,3.188099323990263,0.9918533604887984,0.029083858458555503
clamped_sway_sway_p8_ph4.189_20260725_064843,medium,0,B,0.048633059593679945,0.025683584842159355,0.039648791810452735,1.1827691529599558,0.5977652640733684,0.018396351897198786,3.923790998251343,0.9755600814663951,0.029083858458555503
clamped_sway_sway_p8_ph4.189_20260725_064843,medium,0,C,0.030601279127553793,0.023174921968037842,0.017449330380557668,1.0602757947348138,0.7586834881450324,0.018396351897198786,3.2207573933507634,0.9918533604887984,0.029083858458555503
clamped_sway_sway_p8_ph4.189_20260725_064843,medium,1,B,0.05005350647238133,0.031160344736944536,0.03803816209917916,1.2827557105682625,0.5964111146780763,0.02543438875269756,3.777934884036255,0.9735234215885947,0.029083858458555503
clamped_sway_sway_p8_ph4.189_20260725_064843,medium,1,C,0.0334725604402223,0.027808457083391882,0.0166546564513338,1.088659787191049,0.7200658361740291,0.02543438875269756,3.1683976077942244,0.9918533604887984,0.029083858458555503
clamped_sway_sway_p8_ph4.189_20260725_064843,medium,2,B,0.05821512003305471,0.037024590379424925,0.043207776767639997,1.3861369771436407,0.6667765205927229,0.02817847963339707,3.8137114703576107,0.9816700610997964,0.029083858458555503
clamped_sway_sway_p8_ph4.189_20260725_064843,medium,2,C,0.03700278546348661,0.03155725295469282,0.017538009102342492,1.1678962430885602,0.8220820420076547,0.02817847963339707,3.1660030573259093,0.9918533604887984,0.029083858458555503
clamped_sway_sway_p8_ph4.189_20260725_064843,high,0,B,0.07141239017328088,0.056555487258570486,0.03903846206650401,1.3920577455856198,0.8932103847694869,0.06132117299066266,3.9949530748832127,0.9755600814663951,0.029083858458555503
clamped_sway_sway_p8_ph4.189_20260725_064843,high,0,C,0.06372379989306258,0.05795963590830488,0.018959904752704235,1.3486660989048467,0.9283172488692085,0.06132117299066266,3.312472057284837,0.9877800407331976,0.029083858458555503
clamped_sway_sway_p8_ph4.189_20260725_064843,high,1,B,0.08388665554177083,0.07421015089492466,0.036434438095344406,1.4407758729036806,0.8882682231549749,0.08478129584232542,3.6764910260187267,0.9796334012219959,0.029083858458555503
clamped_sway_sway_p8_ph4.189_20260725_064843,high,1,C,0.07790917016825494,0.07485449324791373,0.016285000861097815,1.3429744351429789,0.9224697750589449,0.08478129584232542,3.0781995620448455,0.9918533604887984,0.029083858458555503
clamped_sway_sway_p8_ph4.189_20260725_064843,high,2,B,0.09588554066031606,0.0860465237699305,0.039342017076972706,1.7084714727700412,0.917084458566877,0.09392826544465686,3.75563375732815,0.9816700610997964,0.029083858458555503
clamped_sway_sway_p8_ph4.189_20260725_064843,high,2,C,0.0893458016498186,0.08644644891718654,0.018212677429311798,1.6463208474100826,0.9463644372591679,0.09392826544465686,3.1282358251065867,0.9938900203665988,0.029083858458555503
clamped_sway_sway_p10_ph0.0_20260725_060138,none,0,B,0.011532684798020982,0.008352293445079512,0.006910527939171006,0.9913399028124508,nan,0.0,2.7906412162571845,0.997624703087886,0.011235955056179775
clamped_sway_sway_p10_ph0.0_20260725_060138,none,0,C,0.01433101200693966,0.007573268082134137,0.01174336316372154,1.002773320236744,nan,0.0,3.230337301605487,0.9928741092636579,0.011235955056179775
clamped_sway_sway_p10_ph0.0_20260725_060138,none,1,B,0.011532684798020982,0.008352293445079512,0.006910527939171006,0.9913399028124508,nan,0.0,2.7906412162571845,0.997624703087886,0.011235955056179775
clamped_sway_sway_p10_ph0.0_20260725_060138,none,1,C,0.01433101200693966,0.007573268082134137,0.01174336316372154,1.002773320236744,nan,0.0,3.230337301605487,0.9928741092636579,0.011235955056179775
clamped_sway_sway_p10_ph0.0_20260725_060138,none,2,B,0.011532684798020982,0.008352293445079512,0.006910527939171006,0.9913399028124508,nan,0.0,2.7906412162571845,0.997624703087886,0.011235955056179775
clamped_sway_sway_p10_ph0.0_20260725_060138,none,2,C,0.01433101200693966,0.007573268082134137,0.01174336316372154,1.002773320236744,nan,0.0,3.230337301605487,0.9928741092636579,0.011235955056179775
clamped_sway_sway_p10_ph0.0_20260725_060138,low,0,B,0.046628443330529235,0.015485165107540687,0.04307729012046321,1.421136277093226,0.2753608885857357,0.003911093583207668,3.6323834748323054,0.9216152019002375,0.011235955056179775
clamped_sway_sway_p10_ph0.0_20260725_060138,low,0,C,0.015150023883649253,0.009128424949900215,0.011694636554724075,1.0020520278485463,0.5872162606164854,0.003911093583207668,3.2407122554342394,0.9928741092636579,0.011235955056179775
clamped_sway_sway_p10_ph0.0_20260725_060138,low,1,B,0.04540983815249713,0.017394658809635474,0.04142164367435849,1.3479917314567371,0.35129632933235555,0.009150836239610079,3.9123182580430482,0.9216152019002375,0.011235955056179775
clamped_sway_sway_p10_ph0.0_20260725_060138,low,1,C,0.01807892340806976,0.012958444939020547,0.012139359881307352,1.0257741041196968,0.5797465534461484,0.009150836239610079,3.220148829711037,0.9928741092636579,0.011235955056179775
clamped_sway_sway_p10_ph0.0_20260725_060138,low,2,B,0.04938895737876708,0.015848312443185453,0.04609500848399935,1.4973827309382255,0.39001460421843787,0.010156461100872349,3.4786186843035,0.9216152019002375,0.011235955056179775
clamped_sway_sway_p10_ph0.0_20260725_060138,low,2,C,0.01779094007229904,0.012977544250588799,0.01185572155470264,1.0186963443564567,0.6564829113962253,0.010156461100872349,3.2255916008464323,0.9928741092636579,0.011235955056179775
clamped_sway_sway_p10_ph0.0_20260725_060138,medium,0,B,0.04634700750105707,0.018458291741424406,0.04183491013713486,1.4099585638532814,0.579796446114877,0.011733280749623006,3.6319697169376934,0.9263657957244655,0.011235955056179775
clamped_sway_sway_p10_ph0.0_20260725_060138,medium,0,C,0.019066668284200585,0.014294662090364882,0.012002232404713951,1.0231664313833808,0.8225295815205659,0.011733280749623006,3.257723915743766,0.9928741092636579,0.011235955056179775
clamped_sway_sway_p10_ph0.0_20260725_060138,medium,1,B,0.052598528279260356,0.03170061754498137,0.04127538377827119,1.4097980176153393,0.7577278245751325,0.02745250871883027,3.889790566545788,0.9216152019002375,0.011235955056179775
clamped_sway_sway_p10_ph0.0_20260725_060138,medium,1,C,0.0320704708087784,0.029069716475972486,0.012612811083129227,1.124427100316446,0.8705826275109041,0.02745250871883027,3.2038946670205655,0.9928741092636579,0.011235955056179775
clamped_sway_sway_p10_ph0.0_20260725_060138,medium,2,B,0.05562395897001885,0.03107242759075443,0.045572358699358426,1.5541008601872854,0.8172045378835585,0.03046938330261687,3.4568158558353135,0.9216152019002375,0.011235955056179775
clamped_sway_sway_p10_ph0.0_20260725_060138,medium,2,C,0.03401042783232164,0.031615598399203935,0.012159629158080734,1.1234904867099464,0.9249808450101827,0.03046938330261687,3.2069826092044376,0.9928741092636579,0.011235955056179775
clamped_sway_sway_p10_ph0.0_20260725_060138,high,0,B,0.0535455909837823,0.0364098516558586,0.03782422568160383,1.4721991548598174,0.8637598109706522,0.03911093583207667,3.736776211076436,0.9287410926365796,0.011235955056179775
clamped_sway_sway_p10_ph0.0_20260725_060138,high,0,C,0.04135638536858269,0.036924220601082705,0.015047811313435421,1.27196356801548,0.9242162009191109,0.03911093583207667,3.3287838465244644,0.9928741092636579,0.011235955056179775
clamped_sway_sway_p10_ph0.0_20260725_060138,high,1,B,0.09120627345280696,0.08115358610617601,0.04006738335354844,1.7113174753575402,0.9072015808957227,0.0915083623961011,3.4518972435253663,0.9287410926365796,0.011235955056179775
clamped_sway_sway_p10_ph0.0_20260725_060138,high,1,C,0.08439579833594901,0.08220480282454509,0.015348926350229334,1.5686098246622988,0.9222408988280288,0.0915083623961011,3.189299972276411,0.9928741092636579,0.011235955056179775
clamped_sway_sway_p10_ph0.0_20260725_060138,high,2,B,0.09284116571153392,0.08315094821694971,0.03910821206669687,1.8708412747632313,0.9372609465381991,0.10156461100872312,3.5416245564661226,0.9287410926365796,0.011235955056179775
clamped_sway_sway_p10_ph0.0_20260725_060138,high,2,C,0.10011818553509155,0.09849546587940049,0.014697227354467818,1.9004421543158962,0.975799163165048,0.10156461100872312,3.190295364428232,0.9928741092636579,0.011235955056179775
clamped_sway_sway_p12_ph0.0_20260725_060001,none,0,B,0.012782219642564274,0.006371255024344133,0.01051270239616301,1.0004383395094936,nan,0.0,2.5718174062392425,0.992,0.006541291905151268
clamped_sway_sway_p12_ph0.0_20260725_060001,none,0,C,0.01578315756983716,0.006027662457552524,0.014431702248131582,1.0551020072347808,nan,0.0,4.73403640826364,0.9706666666666667,0.006541291905151268
clamped_sway_sway_p12_ph0.0_20260725_060001,none,1,B,0.012782219642564274,0.006371255024344133,0.01051270239616301,1.0004383395094936,nan,0.0,2.5718174062392425,0.992,0.006541291905151268
clamped_sway_sway_p12_ph0.0_20260725_060001,none,1,C,0.01578315756983716,0.006027662457552524,0.014431702248131582,1.0551020072347808,nan,0.0,4.73403640826364,0.9706666666666667,0.006541291905151268
clamped_sway_sway_p12_ph0.0_20260725_060001,none,2,B,0.012782219642564274,0.006371255024344133,0.01051270239616301,1.0004383395094936,nan,0.0,2.5718174062392425,0.992,0.006541291905151268
clamped_sway_sway_p12_ph0.0_20260725_060001,none,2,C,0.01578315756983716,0.006027662457552524,0.014431702248131582,1.0551020072347808,nan,0.0,4.73403640826364,0.9706666666666667,0.006541291905151268
clamped_sway_sway_p12_ph0.0_20260725_060001,low,0,B,0.05136475244426735,0.013799721110616787,0.049233109921502996,1.737830612392702,0.062685888712622,0.0034832560692636683,3.3064984065864174,0.904,0.006541291905151268
clamped_sway_sway_p12_ph0.0_20260725_060001,low,0,C,0.016499344994231575,0.0070468454427360695,0.014688978089366278,1.0670251551546537,0.5671701709208534,0.0034832560692636683,4.7738543668886555,0.9706666666666667,0.006541291905151268
clamped_sway_sway_p12_ph0.0_20260725_060001,low,1,B,0.05418554451670762,0.02196351210874521,0.04855489131671991,1.6936678716580853,0.35013006432787247,0.009337161287438592,3.5044266775611366,0.904,0.006541291905151268
clamped_sway_sway_p12_ph0.0_20260725_060001,low,1,C,0.019423794717766587,0.011431054546939342,0.015668063856336244,1.0806946056624203,0.751746610951714,0.009337161287438592,3.1687089280934715,0.9813333333333333,0.006541291905151268
clamped_sway_sway_p12_ph0.0_20260725_060001,low,2,B,0.05192641722977099,0.017537686107742013,0.048220525943910866,1.7265970797071892,0.642906196889373,0.010319523252194129,3.53199065919525,0.8906666666666667,0.006541291905151268
clamped_sway_sway_p12_ph0.0_20260725_060001,low,2,C,0.01874894961760804,0.010746376350862473,0.015276689023512277,1.1114554211650791,0.7674807604706021,0.010319523252194129,3.184085156819559,0.9813333333333333,0.006541291905151268
clamped_sway_sway_p12_ph0.0_20260725_060001,medium,0,B,0.050912132643149796,0.014982052021130838,0.048559300456359276,1.720264623592042,0.2544221470491425,0.010449768207791019,3.3402463067355455,0.904,0.006541291905151268
clamped_sway_sway_p12_ph0.0_20260725_060001,medium,0,C,0.019158782819793715,0.011571554094197627,0.014819293891663955,1.0925268909019938,0.7696875245603113,0.010449768207791019,5.157393447331373,0.968,0.006541291905151268
clamped_sway_sway_p12_ph0.0_20260725_060001,medium,1,B,0.060697372047355966,0.034484109839206176,0.048787438022542165,1.7525553884633194,0.6940049101725468,0.028011483862315837,3.490294112623625,0.904,0.006541291905151268
clamped_sway_sway_p12_ph0.0_20260725_060001,medium,1,C,0.03278131160671074,0.02839780125607339,0.01581141445957839,1.1745148081119834,0.92679247827958,0.028011483862315837,3.091579815629331,0.9813333333333333,0.006541291905151268
clamped_sway_sway_p12_ph0.0_20260725_060001,medium,2,B,0.05907708910400447,0.034775709491186614,0.04697044850733672,1.8520518318305756,0.8917396387328034,0.03095856975658231,3.5012729702365535,0.8906666666666667,0.006541291905151268
clamped_sway_sway_p12_ph0.0_20260725_060001,medium,2,C,0.0343863211331808,0.030026990749336326,0.015721708689762724,1.3254174747105232,0.9619230673734412,0.03095856975658231,3.1692930061220133,0.9813333333333333,0.006541291905151268
clamped_sway_sway_p12_ph0.0_20260725_060001,high,0,B,0.0554966947504938,0.028579738113661542,0.046868212227994616,1.727293536653498,0.6774859400882364,0.034832560692636697,3.3943999891210117,0.9093333333333333,0.006541291905151268
clamped_sway_sway_p12_ph0.0_20260725_060001,high,0,C,0.0359330244056937,0.03055248528534263,0.016689950428152717,1.2349492131061282,0.8665038627739852,0.034832560692636697,5.28391465353631,0.968,0.006541291905151268
clamped_sway_sway_p12_ph0.0_20260725_060001,high,1,B,0.0999673774206473,0.08611510567840712,0.04889120486402579,2.215646674787699,0.9365348698317656,0.0933716128743862,3.4064743840052563,0.9066666666666666,0.006541291905151268
clamped_sway_sway_p12_ph0.0_20260725_060001,high,1,C,0.08862931386760224,0.08579428033266998,0.017983318033139815,1.849204104108278,0.9626671362559008,0.0933716128743862,2.876601210605082,0.9866666666666667,0.006541291905151268
clamped_sway_sway_p12_ph0.0_20260725_060001,high,2,B,0.09494352839351455,0.0832354745501822,0.04279471326820832,2.4946659101035675,0.9650806756520169,0.10319523252194121,3.2834122102333407,0.904,0.006541291905151268
clamped_sway_sway_p12_ph0.0_20260725_060001,high,2,C,0.09999794053465764,0.09669962594934454,0.01830809574962357,2.4724643180201493,0.9819419956550661,0.10319523252194121,3.0877021126699127,0.984,0.006541291905151268
clamped_sway_sway_p20_ph0.0_20260725_055700,none,0,B,0.007953390285263028,0.002753899441103968,0.007323239464558275,1.0427047964174423,nan,0.0,3.3773950266066186,1.0,0.0036540803897685747
clamped_sway_sway_p20_ph0.0_20260725_055700,none,0,C,0.009748492120041693,0.0027510895008202104,0.009514919280737753,1.0728058143628154,nan,0.0,3.7723103976658234,0.9922779922779923,0.0036540803897685747
clamped_sway_sway_p20_ph0.0_20260725_055700,none,1,B,0.007953390285263028,0.002753899441103968,0.007323239464558275,1.0427047964174423,nan,0.0,3.3773950266066186,1.0,0.0036540803897685747
clamped_sway_sway_p20_ph0.0_20260725_055700,none,1,C,0.009748492120041693,0.0027510895008202104,0.009514919280737753,1.0728058143628154,nan,0.0,3.7723103976658234,0.9922779922779923,0.0036540803897685747
clamped_sway_sway_p20_ph0.0_20260725_055700,none,2,B,0.007953390285263028,0.002753899441103968,0.007323239464558275,1.0427047964174423,nan,0.0,3.3773950266066186,1.0,0.0036540803897685747
clamped_sway_sway_p20_ph0.0_20260725_055700,none,2,C,0.009748492120041693,0.0027510895008202104,0.009514919280737753,1.0728058143628154,nan,0.0,3.7723103976658234,0.9922779922779923,0.0036540803897685747
clamped_sway_sway_p20_ph0.0_20260725_055700,low,0,B,0.039432285784607474,0.00892769677725013,0.037637299779880666,2.032788172344066,-0.154281797261533,0.003766709072826258,3.7564551149842482,0.9343629343629344,0.0036540803897685747
clamped_sway_sway_p20_ph0.0_20260725_055700,low,0,C,0.010394345682833222,0.004384725399619413,0.009573555001831288,1.0406236551003951,0.1837481966562022,0.003766709072826258,3.7821504340806866,0.9922779922779923,0.0036540803897685747
clamped_sway_sway_p20_ph0.0_20260725_055700,low,1,B,0.04347202373681769,0.014567483246167547,0.04064111340997295,2.153340717456892,0.4029022491192079,0.011089755544126815,3.801253903023319,0.9266409266409267,0.0036540803897685747
clamped_sway_sway_p20_ph0.0_20260725_055700,low,1,C,0.014196857462779598,0.010509906364764206,0.009568472353494872,1.149125761522601,0.9114813121924946,0.011089755544126815,3.7685530984525464,0.9922779922779923,0.0036540803897685747
clamped_sway_sway_p20_ph0.0_20260725_055700,low,2,B,0.03913868680941366,0.012119515979645766,0.03710044394803357,1.9620561234380618,0.6564952667599593,0.006572319816402386,3.9482591606481368,0.9382239382239382,0.0036540803897685747
clamped_sway_sway_p20_ph0.0_20260725_055700,low,2,C,0.011494928010665722,0.006399497394730389,0.00956875178256283,1.0463764135013558,0.8668008490076186,0.006572319816402386,3.765115901301837,0.9922779922779923,0.0036540803897685747
clamped_sway_sway_p20_ph0.0_20260725_055700,medium,0,B,0.040813085948323315,0.013136192064075685,0.03777815508970817,1.9983198033000595,0.09402471482391139,0.011300127218478773,3.7794236302593016,0.9343629343629344,0.0036540803897685747
clamped_sway_sway_p20_ph0.0_20260725_055700,medium,0,C,0.014625628970881675,0.010657117168154899,0.00985716693672691,0.9811009411236311,0.5336289790411181,0.011300127218478773,3.8036507077219985,0.9922779922779923,0.0036540803897685747
clamped_sway_sway_p20_ph0.0_20260725_055700,medium,1,B,0.052399158409081714,0.032855064254256855,0.04039417366781583,2.3239473827153523,0.8138906391842989,0.033269266632380445,3.73109538535719,0.9305019305019305,0.0036540803897685747
clamped_sway_sway_p20_ph0.0_20260725_055700,medium,1,C,0.033549201904686375,0.031691491695912455,0.00993630652813528,1.4418805146124942,0.9736484143626645,0.033269266632380445,3.750662583559449,0.9922779922779923,0.0036540803897685747
clamped_sway_sway_p20_ph0.0_20260725_055700,medium,2,B,0.04317248884983437,0.02240527870898308,0.03673017779568333,2.0502557731224123,0.8742190313383857,0.019716959449207105,3.9401693876341195,0.9382239382239382,0.0036540803897685747
clamped_sway_sway_p20_ph0.0_20260725_055700,medium,2,C,0.021373211672523276,0.017911583506418523,0.010287019284438984,1.2022480911873241,0.9599741418266542,0.019716959449207105,3.754055140028462,0.9922779922779923,0.0036540803897685747
clamped_sway_sway_p20_ph0.0_20260725_055700,high,0,B,0.05342198714561144,0.034584434918959656,0.03853337327010852,1.9634434123733782,0.5998052546447052,0.0376670907282626,3.8548095395120594,0.9420849420849421,0.0036540803897685747
clamped_sway_sway_p20_ph0.0_20260725_055700,high,0,C,0.037878380207743624,0.03435718759760821,0.013094943918454406,1.0076343067505822,0.6954412140839744,0.0376670907282626,3.9020600102241274,0.9922779922779923,0.0036540803897685747
clamped_sway_sway_p20_ph0.0_20260725_055700,high,1,B,0.10647652773605557,0.09795338449863598,0.03980354309567593,3.1691913554653715,0.9225079825615604,0.11089755544126836,3.66785793203211,0.9305019305019305,0.0036540803897685747
clamped_sway_sway_p20_ph0.0_20260725_055700,high,1,C,0.10240046732592081,0.10036436580438055,0.013114806865118275,2.735340284636111,0.9583047139089005,0.11089755544126836,3.695712751095052,0.9922779922779923,0.0036540803897685747
clamped_sway_sway_p20_ph0.0_20260725_055700,high,2,B,0.06984643048261979,0.05835282752017259,0.03444975785888361,2.9775900997098983,0.9624623374951141,0.06572319816402379,3.9137885246730684,0.9382239382239382,0.0036540803897685747
clamped_sway_sway_p20_ph0.0_20260725_055700,high,2,C,0.0647839412998891,0.05936252160399946,0.016191495265245787,2.7021996812527065,0.9738625792835688,0.06572319816402379,3.7145911772612132,0.9922779922779923,0.0036540803897685747
